metric,mean.before,mean.after
protected,-0.02531780798420666,0.2623642644667411
nonprotected,0.011049836186569123,-0.14310084364045117
