metric,mean.before,mean.after
0,0.10547130859800236,0.2750732613380621
