metric,mean.before,mean.after
0,0.34255386455825293,0.16166361867374407
