metric,mean.before,mean.after
0,0.34255386455825293,0.2601086418447723
