reranked_idx,reranked_probs
"[3, 0, 4, 1, 5, 2, 8, 6, 9, 7]","[9.999999974752427e-07, 0.9999989867210388, 9.999999974752427e-07, 9.999999974752427e-07, 9.999999974752427e-07, 9.999999974752427e-07, 9.999999974752427e-07, 9.999999974752427e-07, 9.999999974752427e-07, 9.999999974752427e-07]"
"[3, 0, 4, 1, 5, 2, 8, 6, 9, 7]","[9.999999974752427e-07, 0.9999989867210388, 9.999999974752427e-07, 9.999999974752427e-07, 9.999999974752427e-07, 9.999999974752427e-07, 9.999999974752427e-07, 9.999999974752427e-07, 9.999999974752427e-07, 9.999999974752427e-07]"
"[3, 0, 4, 1, 5, 2, 8, 6, 9, 7]","[9.999999974752427e-07, 0.9999989867210388, 9.999999974752427e-07, 9.999999974752427e-07, 9.999999974752427e-07, 9.999999974752427e-07, 9.999999974752427e-07, 9.999999974752427e-07, 9.999999974752427e-07, 9.999999974752427e-07]"
"[3, 0, 4, 1, 5, 2, 8, 6, 9, 7]","[9.999999974752427e-07, 0.9999989867210388, 9.999999974752427e-07, 9.999999974752427e-07, 9.999999974752427e-07, 9.999999974752427e-07, 9.999999974752427e-07, 9.999999974752427e-07, 9.999999974752427e-07, 9.999999974752427e-07]"
"[3, 0, 4, 1, 5, 2, 8, 6, 9, 7]","[9.999999974752427e-07, 0.7913910150527954, 9.999999974752427e-07, 3.3470474591013044e-05, 9.999999974752427e-07, 9.999999974752427e-07, 9.999999974752427e-07, 9.999999974752427e-07, 9.999999974752427e-07, 9.999999974752427e-07]"
