row number,NDKL Before
0,0.6334883296488381
1,0.5568744194268493
2,0.5228158465049959
3,0.5568744194268493
4,0.5568744194268493
