row number,NDKL Before
0,0.43766908018585315
1,0.5228158465049959
2,0.5568744194268493
3,0.29138909626969767
4,0.23964679037965078
