row number,NDKL Before
0,0.27627878677240064
1,0.20972796944102626
2,0.5346613944051889
3,0.20972796944102626
4,0.1927348455987542
