row number,NDKL After
0,0.16597953282069922
1,0.20972796944102626
2,0.3122031015849203
3,0.20972796944102626
4,0.16597953282069922
