metric,mean.before,mean.after
protected,0.1823215567932879,-0.22314355131320954
nonprotected,-0.06899287148685627,0.0645385211374879
