metric,mean.before,mean.after
0,0.09194464677210079,0.08896086682128122
