metric,mean.before,mean.after
protected,0.1823215567932879,0.1823215567932879
nonprotected,-0.06899287148685627,-0.06899287148685627
