reranked_idx,reranked_probs
"[1, 0, 2, 3, 5, 4, 6, 7, 9, 8]","[9.999999974752427e-07, 0.9999989867210388, 9.999999974752427e-07, 9.999999974752427e-07, 9.999999974752427e-07, 9.999999974752427e-07, 9.999999974752427e-07, 9.999999974752427e-07, 9.999999974752427e-07, 9.999999974752427e-07]"
"[1, 0, 2, 3, 5, 4, 6, 7, 9, 8]","[9.999999974752427e-07, 0.9999989867210388, 9.999999974752427e-07, 9.999999974752427e-07, 9.999999974752427e-07, 9.999999974752427e-07, 9.999999974752427e-07, 9.999999974752427e-07, 9.999999974752427e-07, 9.999999974752427e-07]"
"[1, 0, 2, 3, 5, 4, 6, 7, 9, 8]","[9.999999974752427e-07, 0.9999989867210388, 9.999999974752427e-07, 9.999999974752427e-07, 9.999999974752427e-07, 9.999999974752427e-07, 9.999999974752427e-07, 9.999999974752427e-07, 9.999999974752427e-07, 9.999999974752427e-07]"
"[1, 0, 2, 3, 5, 4, 6, 7, 9, 8]","[9.999999974752427e-07, 0.9999989867210388, 9.999999974752427e-07, 9.999999974752427e-07, 9.999999974752427e-07, 9.999999974752427e-07, 9.999999974752427e-07, 9.999999974752427e-07, 9.999999974752427e-07, 9.999999974752427e-07]"
"[2, 0, 1, 3, 5, 4, 6, 7, 9, 8]","[9.999999974752427e-07, 0.7913910150527954, 3.3470474591013044e-05, 9.999999974752427e-07, 9.999999974752427e-07, 9.999999974752427e-07, 9.999999974752427e-07, 9.999999974752427e-07, 9.999999974752427e-07, 9.999999974752427e-07]"
