row number,NDKL After
0,0.20972796944102626
1,0.16597953282069922
2,0.20972796944102626
3,0.20972796944102626
4,0.20972796944102626
