,reranked_idx,reranked_probs
0,"[0, 1, 2, 3, 4]","[0.7351236939430237, 0.6222166419029236, 0.48179495334625244, 0.3916059732437134, 0.06594453752040863]"
1,"[0, 1, 2, 3, 5]","[0.8947743773460388, 0.7492842674255371, 0.7280034422874451, 0.41123417019844055, 0.23071476817131042]"
2,"[0, 1, 2, 4, 3]","[0.9958784580230713, 0.9948811531066895, 0.02120867371559143, 0.006913790479302406, 0.011809485964477062]"
3,"[0, 1, 2, 6, 3]","[0.9969035983085632, 0.8866241574287415, 0.35728514194488525, 8.576854452257976e-05, 0.024629417806863785]"
4,"[0, 1, 2, 7, 3]","[0.9890346527099609, 0.988469660282135, 0.03507731854915619, 0.0039874836802482605, 0.013210663571953773]"
