,reranked_idx,reranked_probs
0,"[0, 1, 2, 7, 3]","[0.9995286464691162, 0.9011526107788086, 0.7104147672653198, 7.0183132265810855e-06, 0.0006450658547692001]"
1,"[0, 1, 2, 3, 5]","[0.9705947637557983, 0.963410496711731, 0.9530351758003235, 0.4363958239555359, 0.12456393986940384]"
2,"[0, 1, 2, 4, 3]","[0.9552127718925476, 0.9392098188400269, 0.185081347823143, 0.04867081716656685, 0.11076164990663528]"
3,"[0, 1, 2, 7, 3]","[0.9990358352661133, 0.9973140358924866, 0.004912421107292175, 0.00039522914448753, 0.004247278440743685]"
4,"[0, 2, 1, 4, 3]","[0.9946427345275879, 0.05065121501684189, 0.9913386106491089, 0.006155500188469887, 0.04383637011051178]"
