,reranked_idx,reranked_probs
0,"[0, 4, 1, 6, 2]","[0.9912335276603699, 0.008911160752177238, 0.780942976474762, 0.00013330442016012967, 0.74969482421875]"
1,"[0, 1, 2, 3, 4]","[0.7432467937469482, 0.499958872795105, 0.37058237195014954, 0.32914677262306213, 0.22441589832305908]"
2,"[0, 2, 1, 6, 3]","[0.6330234408378601, 0.2260730266571045, 0.400656521320343, 0.0018208278343081474, 0.2017110288143158]"
3,"[0, 1, 2, 4, 3]","[0.7575685381889343, 0.5632579326629639, 0.547427773475647, 0.0683986246585846, 0.5450068712234497]"
4,"[0, 1, 2, 4, 3]","[0.7401726245880127, 0.7053783535957336, 0.3221554160118103, 0.2503805160522461, 0.28793978691101074]"
