metric,mean.before,mean.after
map_cut_2,0.21666666666666665,0.15
map_cut_5,0.30333333333333334,0.2033333333333333
map_cut_10,0.3176190476190476,0.3005555555555556
aucroc,0.6316568047337279,0.6494082840236687
