,reranked_idx,reranked_probs
0,"[0, 3, 1, 4, 2]","[0.9999989867210388, 9.999999974752427e-07, 9.999999974752427e-07, 9.999999974752427e-07, 9.999999974752427e-07]"
1,"[0, 3, 1, 4, 2]","[0.9999989867210388, 9.999999974752427e-07, 9.999999974752427e-07, 9.999999974752427e-07, 9.999999974752427e-07]"
2,"[0, 3, 1, 4, 2]","[0.9999989867210388, 9.999999974752427e-07, 9.999999974752427e-07, 9.999999974752427e-07, 9.999999974752427e-07]"
3,"[0, 3, 1, 4, 2]","[0.9999989867210388, 9.999999974752427e-07, 9.999999974752427e-07, 9.999999974752427e-07, 9.999999974752427e-07]"
4,"[0, 3, 1, 4, 2]","[0.7913910150527954, 9.999999974752427e-07, 3.3470474591013044e-05, 9.999999974752427e-07, 9.999999974752427e-07]"
