metric,mean.before,mean.after
P_2,0.3,
P_5,0.24,
P_10,0.2,
recall_2,0.2166666666666666,
recall_5,0.4333333333333333,
recall_10,0.8,
ndcg_cut_2,0.232111684340725,
ndcg_cut_5,0.333128018266259,
ndcg_cut_10,0.4926083647102192,
map_cut_2,0.1083333333333333,0.10833333333333332
map_cut_5,0.2194444444444444,0.175
map_cut_10,0.3319444444444444,0.3256547619047619
aucroc,0.6442307692307693,0.6479289940828403
