reranked_idx,reranked_probs
"[0, 4, 1, 5, 2, 6, 3, 8, 7, 9]","[0.9999989867210388, 9.999999974752427e-07, 0.9999989867210388, 9.999999974752427e-07, 0.9999989867210388, 9.999999974752427e-07, 9.999999974752427e-07, 9.999999974752427e-07, 9.999999974752427e-07, 9.999999974752427e-07]"
"[0, 4, 1, 5, 2, 6, 3, 8, 7, 9]","[0.9999989867210388, 9.999999974752427e-07, 0.9999989867210388, 9.999999974752427e-07, 0.9999989867210388, 9.999999974752427e-07, 9.999999974752427e-07, 9.999999974752427e-07, 9.999999974752427e-07, 9.999999974752427e-07]"
"[0, 4, 1, 5, 2, 6, 3, 8, 7, 9]","[0.9999989867210388, 9.999999974752427e-07, 0.9999989867210388, 9.999999974752427e-07, 0.9999989867210388, 9.999999974752427e-07, 9.999999974752427e-07, 9.999999974752427e-07, 9.999999974752427e-07, 9.999999974752427e-07]"
"[0, 4, 1, 5, 2, 6, 3, 8, 7, 9]","[0.9999989867210388, 9.999999974752427e-07, 0.9999989867210388, 9.999999974752427e-07, 0.9999989867210388, 9.999999974752427e-07, 9.999999974752427e-07, 9.999999974752427e-07, 9.999999974752427e-07, 9.999999974752427e-07]"
"[0, 4, 1, 5, 2, 6, 3, 8, 7, 9]","[0.9999989867210388, 9.999999974752427e-07, 0.9999989867210388, 9.999999974752427e-07, 0.9999989867210388, 9.999999974752427e-07, 9.999999974752427e-07, 9.999999974752427e-07, 9.999999974752427e-07, 9.999999974752427e-07]"
