metric,mean.before,mean.after
ndkl,0.3997042028716558,0.20961608758838274
