metric,mean.before,mean.after
map_cut_2,0.10833333333333332,0.10833333333333332
map_cut_5,0.21944444444444441,0.175
map_cut_10,0.3319444444444444,0.3256547619047619
aucroc,0.6442307692307693,0.6479289940828403
