,reranked_idx,reranked_probs
0,"[0, 4, 1, 5, 2]","[0.9999989867210388, 9.999999974752427e-07, 0.9999989867210388, 9.999999974752427e-07, 0.9999989867210388]"
1,"[0, 4, 1, 5, 2]","[0.9999989867210388, 9.999999974752427e-07, 0.9999989867210388, 9.999999974752427e-07, 0.9999989867210388]"
2,"[0, 4, 1, 5, 2]","[0.9999989867210388, 9.999999974752427e-07, 0.9999989867210388, 9.999999974752427e-07, 0.9999989867210388]"
3,"[0, 4, 1, 5, 2]","[0.9999989867210388, 9.999999974752427e-07, 0.9999989867210388, 9.999999974752427e-07, 0.9999989867210388]"
4,"[0, 4, 1, 5, 2]","[0.9999989867210388, 9.999999974752427e-07, 0.9999989867210388, 9.999999974752427e-07, 0.9999989867210388]"
