metric,mean.before,mean.after
ndkl,0.1531778312106706,0.29370134839843026
