metric,mean.before,mean.after
P_2,0.1,
P_5,0.04,
P_10,0.16,
recall_2,0.05,
recall_5,0.05,
recall_10,0.6333333333333333,
ndcg_cut_2,0.0773705614469083,
ndcg_cut_5,0.049260477748146,
ndcg_cut_10,0.3069278887774607,
map_cut_2,0.025,0.31666666666666665
map_cut_5,0.025,0.31666666666666665
map_cut_10,0.1438492063492063,0.4896825396825396
aucroc,0.4519230769230768,0.7329881656804733
