metric,mean.before,mean.after
map_cut_2,0.025,0.31666666666666665
map_cut_5,0.025,0.31666666666666665
map_cut_10,0.14384920634920634,0.4896825396825396
aucroc,0.45192307692307687,0.6923076923076923
