reranked_idx,reranked_probs
"[0, 1, 2, 3, 4, 5, 6, 7, 8, 9]","[0.9999989867210388, 0.9999989867210388, 9.999999974752427e-07, 9.999999974752427e-07, 9.999999974752427e-07, 9.999999974752427e-07, 9.999999974752427e-07, 9.999999974752427e-07, 9.999999974752427e-07, 9.999999974752427e-07]"
"[0, 1, 2, 3, 4, 5, 6, 7, 8, 9]","[0.9999989867210388, 0.9999989867210388, 9.999999974752427e-07, 9.999999974752427e-07, 9.999999974752427e-07, 9.999999974752427e-07, 9.999999974752427e-07, 9.999999974752427e-07, 9.999999974752427e-07, 9.999999974752427e-07]"
"[0, 1, 2, 3, 4, 5, 6, 7, 8, 9]","[0.9999989867210388, 0.9999989867210388, 9.999999974752427e-07, 9.999999974752427e-07, 9.999999974752427e-07, 9.999999974752427e-07, 9.999999974752427e-07, 9.999999974752427e-07, 9.999999974752427e-07, 9.999999974752427e-07]"
"[0, 1, 2, 3, 4, 5, 6, 7, 8, 9]","[0.9999989867210388, 0.9999989867210388, 9.999999974752427e-07, 9.999999974752427e-07, 9.999999974752427e-07, 9.999999974752427e-07, 9.999999974752427e-07, 9.999999974752427e-07, 9.999999974752427e-07, 9.999999974752427e-07]"
"[0, 1, 2, 3, 4, 5, 6, 7, 8, 9]","[0.9999989867210388, 0.9999989867210388, 9.999999974752427e-07, 9.999999974752427e-07, 9.999999974752427e-07, 9.999999974752427e-07, 9.999999974752427e-07, 9.999999974752427e-07, 9.999999974752427e-07, 9.999999974752427e-07]"
