,reranked_idx,reranked_probs
0,"[0, 1, 2, 4, 3]","[0.9999989867210388, 0.9999989867210388, 9.999999974752427e-07, 9.999999974752427e-07, 9.999999974752427e-07]"
1,"[0, 1, 2, 4, 3]","[0.9999989867210388, 0.9999989867210388, 9.999999974752427e-07, 9.999999974752427e-07, 9.999999974752427e-07]"
2,"[0, 1, 2, 4, 3]","[0.9999989867210388, 0.9999989867210388, 9.999999974752427e-07, 9.999999974752427e-07, 9.999999974752427e-07]"
3,"[0, 1, 2, 4, 3]","[0.9999989867210388, 0.9999989867210388, 9.999999974752427e-07, 9.999999974752427e-07, 9.999999974752427e-07]"
4,"[0, 1, 2, 4, 3]","[0.9999989867210388, 0.9999989867210388, 9.999999974752427e-07, 9.999999974752427e-07, 9.999999974752427e-07]"
