metric,mean.before,mean.after
0,0.3312110370770135,0.1447773620061827
