metric,mean.before,mean.after
0,0.3312110370770135,0.2949703628527406
