metric,mean.before,mean.after
protected,0.0,-0.07410797215357896
nonprotected,0.0,0.08004270767336973
