metric,mean.before,mean.after
0,0.3893480313946361,0.1447773620061827
