metric,mean.before,mean.after
protected,-0.07410797215357896,-0.07410797215357896
nonprotected,0.08004270767336973,0.08004270767336973
